"rcp","sovereign","sovereign_iso3","country","eez_id","eez","msy_avg1","msy_avg2","msy_perc"
"RCP 6.0","Albania","ALB","Albania",82,"Albanian Exclusive Economic Zone",19164527.2291014,19026944.4529488,-0.717903314325815
"RCP 6.0","Algeria","DZA","Algeria",84,"Algerian Exclusive Economic Zone",108039556.809899,99994874.790167,-7.44605240642315
"RCP 6.0","Angola","AGO","Angola",200,"Angolan Exclusive Economic Zone",261299398.057572,48528738.1058002,-81.427918140436
"RCP 6.0","Antarctica","ATA","Antarctica",213,"Antarctic 200NM zone beyond the coastline",16904745.8237614,18979684.9778713,12.2742996300683
"RCP 6.0","Antigua and Barbuda","ATG","Antigua and Barbuda",120,"Antigua and Barbuda Exclusive Economic Zone",7342479.30888114,7690858.70047887,4.74471056631173
"RCP 6.0","Argentina","ARG","Argentina",172,"Argentinean Exclusive Economic Zone",1515704412.48166,1526591543.02052,0.718288503299807
"RCP 6.0","Australia","AUS","Australia",0,"Australian Exclusive Economic Zone",2051953187.07903,2059109149.58595,0.348739072215675
"RCP 6.0","Australia","AUS","Christmas Island",2,"Christmas Island Exclusive Economic Zone",20410091.8574922,20511474.9952229,0.496730433349039
"RCP 6.0","Australia","AUS","Cocos Islands",1,"Cocos Islands Exclusive Economic Zone",23166522.3363915,23528313.7359463,1.56169922399814
"RCP 6.0","Australia","AUS","Macquarie Island",4,"Australian Exclusive Economic Zone (Macquarie Island)",3599847.72071958,5021373.25426028,39.4884907313955
"RCP 6.0","Australia","AUS","Norfolk Island",3,"Norfolk Island Exclusive Economic Zone",42740669.3298183,44682629.2579024,4.54358801238826
"RCP 6.0","Australia - Papua New Guinea","Joint","Australia - Papua New Guinea",239,"Protected Zone established under the Torres Strait Treaty",2479525.43142487,2588093.65025748,4.37858863864194
"RCP 6.0","Australia/Indonesia","Joint","Australia/Indonesia",2551,"Area of overlap between Australian Seabed Jurisdiction and Indonesian Exclusive Economic Zone Jurisdiction",25677756.1313747,25251164.5856312,-1.66132719526165
"RCP 6.0","Bahamas","BHS","Bahamas",110,"Bahamas Exclusive Economic Zone",109747994.736124,94074639.1709884,-14.2812227255905
"RCP 6.0","Bahrain","BHR","Bahrain",52,"Bahraini Exclusive Economic Zone",1896944.3859156,4491.27651075021,-99.7632362580528
"RCP 6.0","Bangladesh","BGD","Bangladesh",204,"Bangladeshi Exclusive Economic Zone",50257401.3783143,52868113.300575,5.19468148105881
"RCP 6.0","Barbados","BRB","Barbados",124,"Barbados Exclusive Economic Zone",9541989.37574433,9313804.91474127,-2.39137198772307
"RCP 6.0","Belgium","BEL","Belgium",59,"Belgian Exclusive Economic Zone",9140709.96930918,7672185.78218905,-16.0657562930105
"RCP 6.0","Belize","BLZ","Belize",164,"Belizean Exclusive Economic Zone",8781686.43298857,8641346.56546811,-1.5980970009731
"RCP 6.0","Benin","BEN","Benin",99,"Beninese Exclusive Economic Zone",12263944.8541333,1338544.94996395,-89.0855269989834
"RCP 6.0","Brazil","BRA","Brazil",171,"Brazilian Exclusive Economic Zone",658284040.155834,453350031.808642,-31.1315474546031
"RCP 6.0","Brazil","BRA","Trindade",87,"Brazilian Exclusive Economic Zone (Trindade)",14327804.4534808,14503047.4757903,1.22309752955145
"RCP 6.0","Brunei","BRN","Brunei",247,"Bruneian Exclusive Economic Zone",12346133.2038474,11061931.6895678,-10.4016495940558
"RCP 6.0","Bulgaria","BGR","Bulgaria",71,"Bulgarian Exclusive Economic Zone",34856787.7666857,34839244.4116713,-0.0503298098831516
"RCP 6.0","Cambodia","KHM","Cambodia",24,"Cambodian Exclusive Economic Zone",31147413.5629353,30006694.2560465,-3.66232433580388
"RCP 6.0","Cameroon","CMR","Cameroon",197,"Cameroonian Exclusive Economic Zone",27190263.6888247,1961201.5859623,-92.7871181816881
"RCP 6.0","Canada","CAN","Canada",218,"Canadian Exclusive Economic Zone",2121778051.29984,2352883330.0781,10.8920571893314
"RCP 6.0","Cape Verde","CPV","Cape Verde",56,"Cape Verdean Exclusive Economic Zone",154180392.197218,160723457.829529,4.24377285533271
"RCP 6.0","Chile","CHL","Chile",224,"Chilean Exclusive Economic Zone",3528497159.18976,3275080304.94524,-7.1820053357421
"RCP 6.0","Chile","CHL","Easter Island",225,"Chilean Exclusive Economic Zone (Easter Island)",22590911.9566944,22640657.8199387,0.220202988439317
"RCP 6.0","China","CHN","China",209,"Chinese Exclusive Economic Zone",1104177957.79637,864281757.450729,-21.7262261623489
"RCP 6.0","Colombia","COL","Colombia",132,"Colombian Exclusive Economic Zone",130026623.076651,114326831.845592,-12.0742897566476
"RCP 6.0","Colombia","COL","Quita Sueño Bank",258,"Colombian Exclusive Economic Zone (Quitasueño)",1376924.27337237,1340686.87378946,-2.63176416333731
"RCP 6.0","Colombia","COL","Serrana Bank",259,"Colombian Exclusive Economic Zone (Serrara)",1119389.96229144,1071737.81850561,-4.25697436917238
"RCP 6.0","Comoro Islands","COM","Comoro Islands",28,"Comoran Exclusive Economic Zone",14023666.0018958,13707690.8857102,-2.25315631549516
"RCP 6.0","Costa Rica","CRI","Costa Rica",130,"Costa Rican Exclusive Economic Zone",134557934.382824,41293898.961892,-69.3114351440557
"RCP 6.0","Croatia","HRV","Croatia",187,"Croatian Exclusive Economic Zone",97069235.0935648,97028400.1816905,-0.0420678208032841
"RCP 6.0","Cuba","CUB","Cuba",112,"Cuban Exclusive Economic Zone",130200067.646098,39336536.4439551,-69.7876221148538
"RCP 6.0","Cyprus","CYP","Cyprus",81,"Cypriote Exclusive Economic Zone",60223971.8273403,50433699.5040819,-16.2564374719866
"RCP 6.0","Democratic Republic of the Congo","COD","Democratic Republic of the Congo",199,"Democratic Republic of the Congo Exclusive Economic Zone",10822215.951914,1460258.01940356,-86.5068482657168
"RCP 6.0","Denmark","DNK","Denmark",175,"Danish Exclusive Economic Zone",236148047.761039,245356017.585843,3.89923605640913
"RCP 6.0","Denmark","DNK","Faeroe Islands",141,"Faeroe Islands Exclusive Economic Zone",252227441.105802,315832575.806589,25.2173730272698
"RCP 6.0","Denmark","DNK","Greenland",145,"Greenlandic Exclusive Economic Zone",596309411.864813,699417037.914088,17.2909606988813
"RCP 6.0","Disputed","Disputed","Conflict Zone",217,"Conflict Zone",93304194.1061811,62101813.9474081,-33.4415622552448
"RCP 6.0","Disputed","Disputed","Japan - South Korea Conflict Zone",226,"Japan - South Korea Conflict Zone",114047838.82529,86986276.810568,-23.7282549967276
"RCP 6.0","Disputed","Disputed","Kenya/Somalia",254,"Disputed Kenya/Somalia",3496512.37270867,3503737.86862667,0.206648658657485
"RCP 6.0","Disputed","Disputed","Paracel Islands",22,"Paracel Islands Exclusive Economic Zone",103327182.023332,77545759.388205,-24.9512491585275
"RCP 6.0","Disputed","Disputed","Southern Kuriles",27,"Russia-Japan conflict zone",143875051.658807,150604711.362413,4.67743338821867
"RCP 6.0","Disputed","Disputed","Spratly Islands",23,"Spratly Islands Exclusive Economic Zone",163941029.465002,167172572.519457,1.97116186533683
"RCP 6.0","Disputed","Disputed","Sudan/Egypt",2114,"Disputed Sudan-Egypt",5396583.77093186,5064589.14623854,-6.15194053841204
"RCP 6.0","Disputed","Disputed","Trinidad and Tobago/Venezuela/Guyana",260,"Disputed Trinidad and Tobago/Venezuela/Guyana",86198.2525937617,86194.9911776466,-0.00378362207698645
"RCP 6.0","Disputed","Disputed","Western Sahara/Mauritania",257,"Disputed Western Sahara/Mauritania",17733090.8536588,26150845.9225593,47.4691926994987
"RCP 6.0","Djibouti","DJI","Djibouti",46,"Djiboutian Exclusive Economic Zone",4982084.30896432,4978285.05822482,-0.0762582586702122
"RCP 6.0","Dominica","DMA","Dominica",123,"Dominican Exclusive Economic Zone",4229824.81663208,4241699.39733568,0.280734574559836
"RCP 6.0","Dominican Republic","DOM","Dominican Republic",115,"Dominican Republic Exclusive Economic Zone",27977586.878326,29002312.9594671,3.66266785479983
"RCP 6.0","East Timor","TLS","East Timor",231,"East Timor Exclusive Economic Zone",23848195.5490104,24986638.0769972,4.77370510337866
"RCP 6.0","East Timor","TLS","Oecussi Ambeno",237,"Oecussi Ambeno Exclusive Economic Zone",1352471.56029607,1408468.85484959,4.14036762009646
"RCP 6.0","Ecuador","ECU","Ecuador",137,"Ecuadorean Exclusive Economic Zone",118552272.022423,109904275.437701,-7.29466963154165
"RCP 6.0","Ecuador","ECU","Galapagos Islands",109,"Ecuadorean Exclusive Economic Zone (Galapagos)",227577400.865671,211755250.364137,-6.95242604992811
"RCP 6.0","Egypt","EGY","Egypt",214,"Egyptian Exclusive Economic Zone",157522648.108836,148754762.887323,-5.56611085883659
"RCP 6.0","El Salvador","SLV","El Salvador",134,"El Salvador Exclusive Economic Zone",33667295.4626062,11800055.161851,-64.950985816615
"RCP 6.0","Equatorial Guinea","GNQ","Equatorial Guinea",104,"Equatorial Guinean Exclusive Economic Zone",107345729.810756,12715634.2320196,-88.1545039058037
"RCP 6.0","Eritrea","ERI","Eritrea",45,"Eritrean Exclusive Economic Zone",34894343.7877285,31826201.3789381,-8.79266401298364
"RCP 6.0","Estonia","EST","Estonia",70,"Estonian Exclusive Economic Zone",31036086.9804337,36048453.6101422,16.1501243145391
"RCP 6.0","Fiji","FJI","Fiji",18,"Fijian Exclusive Economic Zone",135269686.803542,158485913.577615,17.1629189973593
"RCP 6.0","Finland","FIN","Finland",174,"Finnish Exclusive Economic Zone",37959826.2056208,63300389.4571114,66.75626783491
"RCP 6.0","France","FRA","Amsterdam Island and Saint Paul Island",92,"Amsterdam Island & St. Paul Island Exclusive Economic Zone",15639914.1603216,15915476.3409577,1.76191619603103
"RCP 6.0","France","FRA","Bassas da India",34,"Bassas da India Exclusive Economic Zone",5649216.2706262,5635706.74527979,-0.239139815139578
"RCP 6.0","France","FRA","Clipperton Island",107,"Clipperton Island Exclusive Economic Zone",10375846.7082438,10271684.3843656,-1.00389227797073
"RCP 6.0","France","FRA","Crozet Islands",91,"Crozet Islands Exclusive Economic Zone",4929726.62597267,6846960.9026085,38.8912899659531
"RCP 6.0","France","FRA","France",179,"French Exclusive Economic Zone",536096146.270845,534283978.892863,-0.338030293742586
"RCP 6.0","France","FRA","French Guiana",169,"French Guiana Exclusive Economic Zone",24220008.0358383,24179643.3244269,-0.166658538476029
"RCP 6.0","France","FRA","French Polynesia",147,"French Polynesian Exclusive Economic Zone",192710814.62284,206255119.511509,7.02830555471299
"RCP 6.0","France","FRA","Glorioso Islands",30,"Glorioso Exclusive Economic Zone",10855016.6148675,12760549.4711663,17.5543983386342
"RCP 6.0","France","FRA","Guadeloupe",252,"Guadeloupean Exclusive Economic Zone",9274948.84711761,9610609.59854141,3.61900380214072
"RCP 6.0","France","FRA","Ile Europa",35,"Ile Europa Exclusive Economic Zone",5722634.49255656,5691544.09810166,-0.543288139323666
"RCP 6.0","France","FRA","Ile Tromelin",36,"Ile Tromelin Exclusive Economic Zone",8893888.13253411,8894234.35464409,0.00389280936331972
"RCP 6.0","France","FRA","Juan de Nova Island",33,"Juan de Nova Exclusive Economic Zone",13588729.8900787,15754903.7331645,15.940958872598
"RCP 6.0","France","FRA","Kerguelen Islands",93,"Kerguelen Islands Exclusive Economic Zone",11317542.7919037,14018145.1523507,23.8620910042316
"RCP 6.0","France","FRA","Martinique",251,"Martinique Exclusive Economic Zone",6926380.50185,6786007.07228537,-2.02664912109779
"RCP 6.0","France","FRA","Mayotte",29,"Mayotte Exclusive Economic Zone",13697171.9347449,13828523.8037612,0.958970725067344
"RCP 6.0","France","FRA","New Caledonia",5,"New Caledonian Exclusive Economic Zone",196880280.178813,227880073.7241,15.7455045864072
"RCP 6.0","France","FRA","Northern Saint-Martin",221,"Saint-Martin Exclusive Economic Zone",1581090.51858167,1626350.33928679,2.86256986385102
"RCP 6.0","France","FRA","Réunion",32,"Réunion Exclusive Economic Zone",12637838.0400167,12539757.7546684,-0.776084366944575
"RCP 6.0","France","FRA","Saint Pierre and Miquelon",219,"Saint-Pierre and Miquelon Exclusive Economic Zone",11479635.4982446,12721724.9076635,10.8199377028022
"RCP 6.0","France","FRA","Wallis and Futuna",161,"Wallis and Futuna Exclusive Economic Zone",18687866.2795579,20241128.6355186,8.31160889491084
"RCP 6.0","Gabon","GAB","Gabon",198,"Gabonese Exclusive Economic Zone",191135274.673954,14094711.2500225,-92.6257927668946
"RCP 6.0","Gambia","GMB","Gambia",65,"Gambian Exclusive Economic Zone",12145635.1445233,1483640.85191622,-87.7845758228196
"RCP 6.0","Georgia","GEO","Georgia",74,"Georgian Exclusive Economic Zone",16937889.3961777,17182400.815401,1.44357666710496
"RCP 6.0","Germany","DEU","Germany",176,"German Exclusive Economic Zone",134667775.541638,127209359.938521,-5.53838182380222
"RCP 6.0","Ghana","GHA","Ghana",106,"Ghanaian Exclusive Economic Zone",106977656.683944,11063071.5741191,-89.6585213052442
"RCP 6.0","Greece","GRC","Greece",80,"Greek Exclusive Economic Zone",478242739.082317,451589615.00107,-5.57313721738689
"RCP 6.0","Grenada","GRD","Grenada",125,"Grenadian Exclusive Economic Zone",5074442.47660843,4956552.10276965,-2.3232182526891
"RCP 6.0","Guatemala","GTM","Guatemala",136,"Guatemalan Exclusive Economic Zone",33310360.2873421,11977717.9177366,-64.0420643475052
"RCP 6.0","Guinea","GIN","Guinea",194,"Guinean Exclusive Economic Zone",125035834.729516,39869302.36169,-68.1136992063616
"RCP 6.0","Guinea Bissau","GNB","Guinea Bissau",193,"Guinea Bissau Exclusive Economic Zone",99848818.6669082,8868619.12731759,-91.1179528754336
"RCP 6.0","Guyana","GUY","Guyana",167,"Guyanese Exclusive Economic Zone",24692338.0923896,23834372.1828929,-3.47462401610757
"RCP 6.0","Haiti","HTI","Haiti",114,"Haitian Exclusive Economic Zone",17001412.772568,12323856.4493257,-27.5127507685101
"RCP 6.0","High Seas","ABNJ","FAO Antarctica",9213,"Antarctica",27131313.1071729,33048649.0890134,21.8099874431662
"RCP 6.0","High Seas","ABNJ","FAO Atlantic, Eastern Central",9264,"Atlantic, Eastern Central",216285296.708295,213727605.647625,-1.18255429268488
"RCP 6.0","High Seas","ABNJ","FAO Atlantic, Northeast",9262,"Atlantic, Northeast",561121189.286803,629901208.655341,12.2576050738628
"RCP 6.0","High Seas","ABNJ","FAO Atlantic, Northwest",9261,"Atlantic, Northwest",352115816.908901,346507235.58821,-1.5928228870623
"RCP 6.0","High Seas","ABNJ","FAO Atlantic, Southeast",9267,"Atlantic, Southeast",295678043.728344,308720793.805627,4.41113243067391
"RCP 6.0","High Seas","ABNJ","FAO Atlantic, Southwest",9266,"Atlantic, Southwest",353004436.002193,367567728.985515,4.12552690505893
"RCP 6.0","High Seas","ABNJ","FAO Atlantic, Western-Central",9263,"Atlantic, Western-Central",146620999.660979,146523826.791108,-0.066274865193796
"RCP 6.0","High Seas","ABNJ","FAO Indian Ocean, Eastern",9270,"Indian Ocean, Eastern",352540472.30886,398902978.844024,13.1509741935518
"RCP 6.0","High Seas","ABNJ","FAO Indian Ocean, Western",9269,"Indian Ocean, Western",416487159.983571,422574648.122787,1.46162684570064
"RCP 6.0","High Seas","ABNJ","FAO Pacific, Eastern Central",9275,"Pacific, Eastern Central",677404238.827258,683196968.56214,0.855136328185885
"RCP 6.0","High Seas","ABNJ","FAO Pacific, Northeast",9273,"Pacific, Northeast",397280780.684034,428335844.67104,7.816905699172
"RCP 6.0","High Seas","ABNJ","FAO Pacific, Northwest",9272,"Pacific, Northwest",496930647.73085,513292497.126587,3.29258206762854
"RCP 6.0","High Seas","ABNJ","FAO Pacific, Southeast",9277,"Pacific, Southeast",701987350.860501,798124493.740488,13.6949964642727
"RCP 6.0","High Seas","ABNJ","FAO Pacific, Southwest",9276,"Pacific, Southwest",440881179.346904,493972745.026298,12.04214835345
"RCP 6.0","High Seas","ABNJ","FAO Pacific, Western Central",9274,"Pacific, Western Central",127658934.683467,128301488.334022,0.503336215477931
"RCP 6.0","Honduras","HND","Honduras",133,"Honduran Exclusive Economic Zone",44024207.8557938,41808307.3757266,-5.033368203525
"RCP 6.0","Iceland","ISL","Iceland",143,"Icelandic Exclusive Economic Zone",551078971.990725,579530538.565012,5.16288372817198
"RCP 6.0","India","IND","Andaman and Nicobar",26,"Indian Exclusive Economic Zone (Andaman and Nicobar Islands)",143011268.65602,143440897.147097,0.300415830944118
"RCP 6.0","India","IND","India",203,"Indian Exclusive Economic Zone",871749809.185225,879758829.945637,0.91872928173011
"RCP 6.0","Indonesia","IDN","Indonesia",216,"Indonesian Exclusive Economic Zone",2496701782.74432,2503137351.00787,0.25776279361945
"RCP 6.0","Iran","IRN","Iran",191,"Iranian Exclusive Economic Zone",77744961.0040347,15466334.7812175,-80.1063186842233
"RCP 6.0","Iraq","IRQ","Iraq",192,"Iraqi Exclusive Economic Zone",303116.123978079,303230.525877603,0.0377419379816182
"RCP 6.0","Ireland","IRL","Ireland",181,"Irish Exclusive Economic Zone",628466716.940178,675064523.167205,7.41452251503438
"RCP 6.0","Israel","ISR","Israel",79,"Israeli Exclusive Economic Zone",30687188.3154273,26696650.3602181,-13.0039217480315
"RCP 6.0","Italy","ITA","Italy",184,"Italian Exclusive Economic Zone",662507183.69323,613133415.085427,-7.45256350769859
"RCP 6.0","Ivory Coast","CIV","Ivory Coast",195,"Ivory Coast Exclusive Economic Zone",87390053.3518499,9190167.12084147,-89.4837378301624
"RCP 6.0","Jamaica","JAM","Jamaica",166,"Jamaican Exclusive Economic Zone",35116014.1301422,30630655.5191365,-12.7729718822376
"RCP 6.0","Japan","JPN","Japan",210,"Japanese Exclusive Economic Zone",2396244544.60796,2035307459.78423,-15.0626147751032
"RCP 6.0","Joint Development","Joint","Australia - East Timor",238,"Joint Development Area Australia - East Timor",20408918.828454,20008521.9016593,-1.96187230769124
"RCP 6.0","Joint Regime","Joint","Colombia - Jamaica",165,"Colombia - Jamaica (Joint Regime)",4706895.46572823,4744798.87739218,0.805274133235575
"RCP 6.0","Joint Regime","Joint","Japan - Korea",211,"Joint Japan - Korea",137248011.157472,103273407.188838,-24.7541685173514
"RCP 6.0","Joint Regime","Joint","Nigeria - Sao Tome and Principe",201,"Nigeria - Sao Tome and Principe Joint",688379.560691003,646755.417298762,-6.04668496410009
"RCP 6.0","Kenya","KEN","Kenya",43,"Kenyan Exclusive Economic Zone",19464432.6389023,19584877.7330919,0.61879581297907
"RCP 6.0","Kiribati","KIR","Kiribati",212,"Kiribati Exclusive Economic Zone",76225445.9890185,76228770.6142804,0.00436156878948504
"RCP 6.0","Kiribati","KIR","Line Group",148,"Kiribati Exclusive Economic Zone (Line Group)",45238033.5188756,44726268.4081505,-1.13127178817697
"RCP 6.0","Kiribati","KIR","Phoenix Group",157,"Kiribati Exclusive Economic Zone (Phoenix Group)",24131235.0081086,23464994.0961412,-2.76090681535175
"RCP 6.0","Kuwait","KWT","Kuwait",51,"Kuwaiti Exclusive Economic Zone",6219672.92292107,5315194.78611589,-14.5422138433027
"RCP 6.0","Latvia","LVA","Latvia",69,"Latvian Exclusive Economic Zone",30976618.0386468,32085942.6983354,3.58116776435913
"RCP 6.0","Lebanon","LBN","Lebanon",78,"Lebanese Exclusive Economic Zone",22643132.4029585,19531792.1731193,-13.7407677280229
"RCP 6.0","Liberia","LBR","Liberia",97,"Liberian Exclusive Economic Zone",100738559.244582,10656317.6394917,-89.4218085712151
"RCP 6.0","Libya","LBY","Libya",67,"Libyan Exclusive Economic Zone",350249976.763628,297180104.298685,-15.1519988538809
"RCP 6.0","Lithuania","LTU","Lithuania",189,"Lithuanian Exclusive Economic Zone",7628909.94829834,7620621.99097459,-0.108638814455995
"RCP 6.0","Madagascar","MDG","Madagascar",42,"Madagascan Exclusive Economic Zone",184864120.066105,189897537.65376,2.72276609752907
"RCP 6.0","Malaysia","MYS","Malaysia",206,"Malaysian Exclusive Economic Zone",303923441.561601,281408031.055712,-7.40825070623098
"RCP 6.0","Maldives","MDV","Maldives",39,"Maldives Exclusive Economic Zone",142831041.206518,142982488.722676,0.106032634698068
"RCP 6.0","Malta","MLT","Malta",68,"Maltese Exclusive Economic Zone",72886139.0549117,60412680.6361133,-17.11362212423
"RCP 6.0","Marshall Islands","MHL","Marshall Islands",11,"Marshall Islands Exclusive Economic Zone",188457524.324391,190762824.096442,1.22324634175001
"RCP 6.0","Mauritania","MRT","Mauritania",64,"Mauritanian Exclusive Economic Zone",95422301.1551349,92186376.1514669,-3.39116219635822
"RCP 6.0","Mauritius","MUS","Mauritius",37,"Mauritian Exclusive Economic Zone",126776510.077256,131477309.976025,3.70794234350234
"RCP 6.0","Mexico","MEX","Mexico",135,"Mexican Exclusive Economic Zone",1179960230.24681,715880684.438227,-39.330100618011
"RCP 6.0","Micronesia","FSM","Micronesia",9,"Micronesian Exclusive Economic Zone",283344643.262798,286681704.42341,1.17773927969286
"RCP 6.0","Monaco","MCO","Monaco",185,"Monégasque Exclusive Economic Zone",483025.009177875,482151.616837499,-0.180817209001699
"RCP 6.0","Montenegro","MNE","Montenegro",186,"Montenegrin Exclusive Economic Zone",12264715.6406013,12376367.1192554,0.91034706328236
"RCP 6.0","Morocco","MAR","Morocco",62,"Moroccan Exclusive Economic Zone",308509483.334413,332438807.863542,7.7564307814782
"RCP 6.0","Morocco","MAR","Western Sahara",63,"Western Saharan Exclusive Economic Zone",247404722.007074,265967049.118229,7.50281844282045
"RCP 6.0","Mozambique","MOZ","Mozambique",41,"Mozambican Exclusive Economic Zone",106305634.485657,105733553.147336,-0.538147710691953
"RCP 6.0","Myanmar","MMR","Myanmar",205,"Myanmar Exclusive Economic Zone",240675251.316726,242533870.213365,0.77225177348773
"RCP 6.0","Namibia","NAM","Namibia",101,"Namibian Exclusive Economic Zone",415693666.098356,463569292.370838,11.5170449244118
"RCP 6.0","Nauru","NRU","Nauru",10,"Nauruan Exclusive Economic Zone",10004304.2131755,10004282.6744671,-0.000215294415799634
"RCP 6.0","Netherlands","NLD","Aruba",250,"Aruban Exclusive Economic Zone",2678739.51748276,2677639.76371474,-0.0410548976801333
"RCP 6.0","Netherlands","NLD","Bonaire",245,"Bonaire Exclusive Economic Zone",2769690.27162418,2768423.37316096,-0.0457415212164187
"RCP 6.0","Netherlands","NLD","Curaçao",244,"Curaçaoan Exclusive Economic Zone",4005352.74898763,4003806.05558407,-0.0386156601051215
"RCP 6.0","Netherlands","NLD","Netherlands",177,"Dutch Exclusive Economic Zone",165957134.648378,157426057.632505,-5.14053043513244
"RCP 6.0","Netherlands","NLD","Saba",248,"Saba Exclusive Economic Zone",2629030.16732825,2623717.40344676,-0.202080750061635
"RCP 6.0","Netherlands","NLD","Sint-Eustasius",249,"Sint-Eustasius Exclusive Economic Zone",637206.168676255,636173.713963159,-0.162028361282253
"RCP 6.0","Netherlands","NLD","Sint-Maarten",220,"Sint-Maarten Exclusive Economic Zone",118152.000419828,117887.345927666,-0.223994931293262
"RCP 6.0","New Zealand","NZL","Cook Islands",153,"Cook Islands Exclusive Economic Zone",58598026.9995996,58380193.9655402,-0.371741243200746
"RCP 6.0","New Zealand","NZL","New Zealand",162,"New Zealand Exclusive Economic Zone",774033595.600161,827006425.697609,6.84373784271921
"RCP 6.0","New Zealand","NZL","Niue",154,"Niue Exclusive Economic Zone",7728358.11209452,7807356.60010297,1.0221897958483
"RCP 6.0","New Zealand","NZL","Tokelau",156,"Tokelau Exclusive Economic Zone",8827465.8246963,8646961.91320326,-2.04479875739711
"RCP 6.0","Nicaragua","NIC","Nicaragua",131,"Nicaraguan Exclusive Economic Zone",65770271.1409156,45914243.5137447,-30.1899738023408
"RCP 6.0","Nigeria","NGA","Nigeria",196,"Nigerian Exclusive Economic Zone",174270210.945952,14198286.5521987,-91.8527174121559
"RCP 6.0","North Korea","PRK","North Korea",21,"North Korean Exclusive Economic Zone",127190075.65744,143349311.090342,12.7047926887183
"RCP 6.0","Norway","NOR","Bouvet Island",105,"Bouvet Island Exclusive Economic Zone",486004.541411412,528868.415954099,8.81964485726921
"RCP 6.0","Norway","NOR","Jan Mayen",144,"Fishieries Zone around Jan Mayen",69061383.5697235,71602603.4482027,3.67965387764584
"RCP 6.0","Norway","NOR","Norway",223,"Norwegian Exclusive Economic Zone",1003205199.96794,1182437537.30021,17.8659697276287
"RCP 6.0","Norway","NOR","Svalbard",253,"Fisheries Zone around Svalbard",176231785.936315,242381462.330307,37.5356103001177
"RCP 6.0","Oman","OMN","Oman",48,"Omani Exclusive Economic Zone",188348872.106468,161121158.514768,-14.4560003397889
"RCP 6.0","Pakistan","PAK","Pakistan",53,"Pakistani Exclusive Economic Zone",127174822.062481,126823423.172914,-0.276311681721347
"RCP 6.0","Palau","PLW","Palau",8,"Palau Exclusive Economic Zone",58237642.6328279,59719483.986133,2.54447344760789
"RCP 6.0","Panama","PAN","Panama",129,"Panamanian Exclusive Economic Zone",104383958.721349,46100366.265356,-55.8357751228616
"RCP 6.0","Papua New Guinea","PNG","Papua New Guinea",17,"Papua New Guinean Exclusive Economic Zone",517285583.039593,550640571.317813,6.44808001070216
"RCP 6.0","Peru","PER","Peru",138,"Peruvian Exclusive Economic Zone",2223718219.80228,1462851295.37183,-34.2159774406173
"RCP 6.0","Philippines","PHL","Philippines",15,"Philippines Exclusive Economic Zone",935135675.186658,638191156.23552,-31.7541643240021
"RCP 6.0","Poland","POL","Poland",178,"Polish Exclusive Economic Zone",47158615.140829,43108906.5350304,-8.58742054597037
"RCP 6.0","Portugal","PRT","Azores",55,"Portuguese Exclusive Economic Zone (Azores)",203927769.32142,257875555.963673,26.4543601990877
"RCP 6.0","Portugal","PRT","Madeira",57,"Portuguese Exclusive Economic Zone (Madeira)",58680106.2553573,97411390.0365439,66.0041132383781
"RCP 6.0","Portugal","PRT","Portugal",183,"Portuguese Exclusive Economic Zone",190665925.127543,208057428.645722,9.12145340419141
"RCP 6.0","Qatar","QAT","Qatar",190,"Qatari Exclusive Economic Zone",9090987.55142961,449.982800181131,-99.9950502319177
"RCP 6.0","République du Congo","COG","République du Congo",100,"Congolese Exclusive Economic Zone",28071825.5250784,14762045.1516381,-47.4133054209452
"RCP 6.0","Romania","ROU","Romania",72,"Romanian Exclusive Economic Zone",30726871.9163056,34515102.2513928,12.32872107973
"RCP 6.0","Russia","RUS","Russia",73,"Russian Exclusive Economic Zone",3685928177.85462,4036040696.2157,9.49862562338002
"RCP 6.0","Saint Kitts and Nevis","KNA","Saint Kitts and Nevis",119,"Saint Kitts and Nevis Exclusive Economic Zone",2672566.04752775,2670084.5241254,-0.0928517147272805
"RCP 6.0","Saint Lucia","LCA","Saint Lucia",122,"Saint Lucia Exclusive Economic Zone",4212920.35543658,4034579.30929511,-4.23319291833564
"RCP 6.0","Saint Vincent and the Grenadines","VCT","Saint Vincent and the Grenadines",127,"Saint Vincent and the Grenadines Exclusive Economic Zone",5597350.8649153,5370843.65234936,-4.04668597757038
"RCP 6.0","Samoa","WSM","Samoa",152,"Samoan Exclusive Economic Zone",6030794.83281703,5810500.80560964,-3.65281912773159
"RCP 6.0","Sao Tome and Principe","STP","Sao Tome and Principe",103,"Sao Tome and Principe Exclusive Economic Zone",43054567.7866293,5654156.39592286,-86.8674645070325
"RCP 6.0","Saudi Arabia","SAU","Saudi Arabia",50,"Saudi Arabian Exclusive Economic Zone",55320190.1669021,33063889.3173759,-40.2317865907158
"RCP 6.0","Senegal","SEN","Senegal",66,"Senegalese Exclusive Economic Zone",95876676.1862001,13856659.160151,-85.5474139161435
"RCP 6.0","Seychelles","SYC","Seychelles",31,"Seychellois Exclusive Economic Zone",165172236.211149,179300994.160297,8.5539545103006
"RCP 6.0","Sierra Leone","SLE","Sierra Leone",96,"Sierra Leonian Exclusive Economic Zone",89918586.8759104,10006273.0121247,-88.8718524614565
"RCP 6.0","Singapore","SGP","Singapore",208,"Singaporean Exclusive Economic Zone",504226.039886955,186434.504755,-63.025609546703
"RCP 6.0","Slovenia","SVN","Slovenia",188,"Slovenian Exclusive Economic Zone",330346.26949604,329744.241050615,-0.182241635827759
"RCP 6.0","Solomon Islands","SLB","Solomon Islands",7,"Solomon Islands Exclusive Economic Zone",191915871.252843,198074405.724063,3.20897611594946
"RCP 6.0","Somalia","SOM","Somalia",44,"Somali Exclusive Economic Zone",188307222.096173,190993575.926978,1.42658035146052
"RCP 6.0","South Africa","ZAF","Prince Edward Islands",90,"South African Exclusive Economic Zone (Prince Edward Islands)",4753127.78980327,6049057.42917155,27.2647758839644
"RCP 6.0","South Africa","ZAF","South Africa",102,"South African Exclusive Economic Zone",549370321.151081,612354536.525719,11.4648012369268
"RCP 6.0","South Korea","KOR","South Korea",20,"South Korean Exclusive Economic Zone",554940498.349507,524458133.118059,-5.49290695526948
"RCP 6.0","Spain","ESP","Canary Islands",58,"Spanish Exclusive Economic Zone (Canary Islands)",180631778.911092,243161072.459263,34.6169948195816
"RCP 6.0","Spain","ESP","Spain",182,"Spanish Exclusive Economic Zone",533821890.759936,528851620.743097,-0.931072723481621
"RCP 6.0","Sri Lanka","LKA","Sri Lanka",40,"Sri Lankan Exclusive Economic Zone",134171304.620529,135571437.128816,1.04354095106025
"RCP 6.0","Sudan","SDN","Sudan",49,"Sudanese Exclusive Economic Zone",19587892.0470137,6733140.51313993,-65.6260076532001
"RCP 6.0","Suriname","SUR","Suriname",168,"Surinamese Exclusive Economic Zone",25629514.5972213,25596953.7776617,-0.127044230338703
"RCP 6.0","Sweden","SWE","Sweden",222,"Swedish Exclusive Economic Zone",174174732.039393,188228034.793341,8.06850832460004
"RCP 6.0","Syria","SYR","Syria",77,"Syrian Exclusive Economic Zone",12150068.5521202,10369628.5780778,-14.6537442682307
"RCP 6.0","Taiwan","TWN","Taiwan",14,"Taiwanese Exclusive Economic Zone",272164570.93554,148312016.347394,-45.5064941635917
"RCP 6.0","Tanzania","TZA","Tanzania",202,"Tanzanian Exclusive Economic Zone",35483436.3298099,35575686.0220841,0.259979589960573
"RCP 6.0","Thailand","THA","Thailand",25,"Thailand Exclusive Economic Zone",173457731.667753,162615160.285118,-6.25084352158084
"RCP 6.0","Togo","TGO","Togo",98,"Togolese Exclusive Economic Zone",10030123.7269937,1007706.55418327,-89.9531991667135
"RCP 6.0","Tonga","TON","Tonga",155,"Tongan Exclusive Economic Zone",46715562.5986313,50854512.3940018,8.85989500101153
"RCP 6.0","Trinidad and Tobago","TTO","Trinidad and Tobago",126,"Trinidad and Tobago Exclusive Economic Zone",13945079.0299142,13722861.7856155,-1.59351728177364
"RCP 6.0","Tunisia","TUN","Tunisia",61,"Tunisian Exclusive Economic Zone",165926608.507759,140075128.903109,-15.5800687045566
"RCP 6.0","Turkey","TUR","Turkey",76,"Turkish Exclusive Economic Zone",245552794.61985,248597374.794062,1.23988821993475
"RCP 6.0","Tuvalu","TUV","Tuvalu",19,"Tuvaluan Exclusive Economic Zone",49314761.5158818,51212294.4645119,3.84779909767798
"RCP 6.0","Ukraine","UKR","Ukraine",75,"Ukrainian Exclusive Economic Zone",102885723.875858,119674163.93817,16.3175603279704
"RCP 6.0","United Arab Emirates","ARE","United Arab Emirates",54,"United Arab Emirates Exclusive Economic Zone",25349334.9551454,42532.4753794041,-99.8322146302668
"RCP 6.0","United Kingdom","GBR","Anguilla",118,"Anguilla Exclusive Economic Zone",6710285.21776841,6925584.80718649,3.20850131448929
"RCP 6.0","United Kingdom","GBR","Ascension",85,"Ascension Exclusive Economic Zone",12123418.3325293,10410499.5266292,-14.1290084934548
"RCP 6.0","United Kingdom","GBR","Bermuda",108,"Bermudian Exclusive Economic Zone",24117537.644635,21657817.7418599,-10.1988848903996
"RCP 6.0","United Kingdom","GBR","British Indian Ocean Territory",38,"British Indian Ocean Territory Exclusive Economic Zone",57413496.4872012,57988794.1638956,1.00202515417729
"RCP 6.0","United Kingdom","GBR","British Virgin Islands",117,"British Virgin Islands Exclusive Economic Zone",4763962.97794517,4758525.71254397,-0.114133242142606
"RCP 6.0","United Kingdom","GBR","Cayman Islands",113,"Cayman Islands Exclusive Economic Zone",11745336.869266,7401872.20417448,-36.9803328200577
"RCP 6.0","United Kingdom","GBR","Falkland Islands",95,"Falkland Islands Exclusive Economic Zone",375494200.978141,513060580.299907,36.6360862467152
"RCP 6.0","United Kingdom","GBR","Gibraltar",60,"Gibraltarian Exclusive Economic Zone",727232.163364093,719353.114009348,-1.08342971497542
"RCP 6.0","United Kingdom","GBR","Guernsey",228,"Guernsey Exclusive Economic Zone",20672696.0456435,19487196.3117823,-5.73461599417783
"RCP 6.0","United Kingdom","GBR","Jersey",227,"Jersey Exclusive Economic Zone",6864965.88115923,6655709.10812683,-3.04818372960463
"RCP 6.0","United Kingdom","GBR","Montserrat",121,"Montserrat Exclusive Economic Zone",2205810.06037048,2201259.88764673,-0.206281257189957
"RCP 6.0","United Kingdom","GBR","Pitcairn",146,"Pitcairn Exclusive Economic Zone",17223746.2203051,17249100.8047651,0.147207141441004
"RCP 6.0","United Kingdom","GBR","Saint Helena",86,"St. Helena Exclusive Economic Zone",18847531.6639244,18970788.1294181,0.653966087928863
"RCP 6.0","United Kingdom","GBR","South Georgia and the South Sandwich Islands",89,"South Georgian Exclusive Economic Zone",10168521.4955016,10336909.9542419,1.65597780183403
"RCP 6.0","United Kingdom","GBR","Tristan da Cunha",88,"Tristan Da Cunha Exclusive Economic Zone",22590719.0791444,23178875.6223932,2.60353174765377
"RCP 6.0","United Kingdom","GBR","Turks and Caicos Islands",111,"Turks and Caicos Exclusive Economic Zone",15461216.4493162,15732602.2397079,1.75526803651818
"RCP 6.0","United Kingdom","GBR","United Kingdom",180,"United Kingdom Exclusive Economic Zone",1560842491.71677,1631208959.48591,4.50823629818968
"RCP 6.0","United States","USA","Alaska",170,"United States Exclusive Exclusive Economic Zone (Alaska)",2870297831.14802,3014185133.50855,5.01297463974244
"RCP 6.0","United States","USA","American Samoa",151,"American Samoa Exclusive Economic Zone",13143855.4592237,13030682.2192494,-0.861035335677544
"RCP 6.0","United States","USA","Hawaii",160,"United States Exclusive Exclusive Economic Zone (Hawaii)",118779903.821431,120571761.080962,1.50855254288214
"RCP 6.0","United States","USA","Howland Island and Baker Island",158,"Howland and Baker Island Exclusive Economic Zone",10129664.8169007,10130967.9862435,0.0128648811815933
"RCP 6.0","United States","USA","Jarvis Island",149,"Jarvis Island Exclusive Economic Zone",7494277.40982723,7483444.99178485,-0.144542528251943
"RCP 6.0","United States","USA","Johnston Atoll",159,"Johnston Atoll Exclusive Economic Zone",9724983.91818096,9740049.45901128,0.154915843121848
"RCP 6.0","United States","USA","Northern Mariana Islands and Guam",13,"Northern Mariana Islands and Guam Exclusive Economic Zone",64535575.8269079,65465079.4709462,1.44029650642835
"RCP 6.0","United States","USA","Palmyra Atoll",150,"Palmyra Atoll Exclusive Economic Zone",10140069.3438826,9855108.35854324,-2.81024690931982
"RCP 6.0","United States","USA","Puerto Rico of the United States",255,"Puerto Rican Exclusive Economic Zone",19088557.2119938,18308487.96387,-4.08658045477438
"RCP 6.0","United States","USA","United States",163,"United States Exclusive Economic Zone",1610820454.07874,1191475364.29855,-26.0330124762426
"RCP 6.0","United States","USA","Virgin Islands of the United States",256,"Virgin Islander Exclusive Economic Zone",6527510.0166134,6376450.89972936,-2.31419203493485
"RCP 6.0","United States","USA","Wake Island",12,"Wake Island Exclusive Economic Zone",11708788.352133,11760774.8887372,0.443995869092526
"RCP 6.0","Uruguay","URY","Uruguay",173,"Uruguayan Exclusive Economic Zone",105009929.517963,89722869.5238216,-14.5577280780159
"RCP 6.0","Vanuatu","VUT","Vanuatu",6,"Vanuatu Exclusive Economic Zone",79963375.4621724,83703304.5762791,4.67705257874697
"RCP 6.0","Venezuela","VEN","Venezuela",139,"Venezuelan Exclusive Economic Zone",73737760.2012232,73212927.8737633,-0.711755179473387
"RCP 6.0","Vietnam","VNM","Vietnam",207,"Vietnamese Exclusive Economic Zone",355717297.717396,358901044.320007,0.895021586816531
"RCP 6.0","Yemen","YEM","Yemen",47,"Yemeni Exclusive Economic Zone",159703996.486667,160532836.43265,0.51898510007079
"RCP 8.5","Albania","ALB","Albania",82,"Albanian Exclusive Economic Zone",18355037.0987899,9049855.0899813,-50.6955227533811
"RCP 8.5","Algeria","DZA","Algeria",84,"Algerian Exclusive Economic Zone",124462760.867266,96453985.750633,-22.5037392079891
"RCP 8.5","Angola","AGO","Angola",200,"Angolan Exclusive Economic Zone",257833883.783499,38206170.8818181,-85.1818658117489
"RCP 8.5","Antarctica","ATA","Antarctica",213,"Antarctic 200NM zone beyond the coastline",17006823.4569992,22124418.2267238,30.0914205563675
"RCP 8.5","Antigua and Barbuda","ATG","Antigua and Barbuda",120,"Antigua and Barbuda Exclusive Economic Zone",7599723.50421358,6643884.82507046,-12.5772822999832
"RCP 8.5","Argentina","ARG","Argentina",172,"Argentinean Exclusive Economic Zone",1516214520.68647,1513702108.40237,-0.165702956265269
"RCP 8.5","Australia","AUS","Australia",0,"Australian Exclusive Economic Zone",2066117165.63073,1460877396.41972,-29.2935840851137
"RCP 8.5","Australia","AUS","Christmas Island",2,"Christmas Island Exclusive Economic Zone",20410529.972294,20317023.3421127,-0.458129359248612
"RCP 8.5","Australia","AUS","Cocos Islands",1,"Cocos Islands Exclusive Economic Zone",23239649.1589675,23434360.9868878,0.837843233296782
"RCP 8.5","Australia","AUS","Macquarie Island",4,"Australian Exclusive Economic Zone (Macquarie Island)",3599769.8515543,5142522.09508403,42.8569688382607
"RCP 8.5","Australia","AUS","Norfolk Island",3,"Norfolk Island Exclusive Economic Zone",43415843.9921887,51068790.7918577,17.6270828710503
"RCP 8.5","Australia - Papua New Guinea","Joint","Australia - Papua New Guinea",239,"Protected Zone established under the Torres Strait Treaty",2522954.75006561,403478.88980033,-84.0076842523696
"RCP 8.5","Australia/Indonesia","Joint","Australia/Indonesia",2551,"Area of overlap between Australian Seabed Jurisdiction and Indonesian Exclusive Economic Zone Jurisdiction",25711146.2830062,1808886.40628541,-92.9645828063255
"RCP 8.5","Bahamas","BHS","Bahamas",110,"Bahamas Exclusive Economic Zone",111028524.519175,49947514.1533053,-55.0137999495084
"RCP 8.5","Bahrain","BHR","Bahrain",52,"Bahraini Exclusive Economic Zone",2400359.63825011,82.2159507792406,-99.9965748486406
"RCP 8.5","Bangladesh","BGD","Bangladesh",204,"Bangladeshi Exclusive Economic Zone",51683099.3616577,41210254.4371698,-20.2635775598578
"RCP 8.5","Barbados","BRB","Barbados",124,"Barbados Exclusive Economic Zone",9543189.07369419,6679917.72962839,-30.0032968220069
"RCP 8.5","Belgium","BEL","Belgium",59,"Belgian Exclusive Economic Zone",9139203.97314434,7578463.02628877,-17.0774276560828
"RCP 8.5","Belize","BLZ","Belize",164,"Belizean Exclusive Economic Zone",8783310.41636306,4141274.90687497,-52.8506370541124
"RCP 8.5","Benin","BEN","Benin",99,"Beninese Exclusive Economic Zone",12713599.8985527,1330811.28686674,-89.5323803054535
"RCP 8.5","Brazil","BRA","Brazil",171,"Brazilian Exclusive Economic Zone",673497692.197183,301661031.909867,-55.2097898174313
"RCP 8.5","Brazil","BRA","Trindade",87,"Brazilian Exclusive Economic Zone (Trindade)",14369180.8194713,14665435.0891331,2.06173388298064
"RCP 8.5","Brunei","BRN","Brunei",247,"Bruneian Exclusive Economic Zone",12825116.3614504,635972.551904776,-95.0411946840781
"RCP 8.5","Bulgaria","BGR","Bulgaria",71,"Bulgarian Exclusive Economic Zone",34846497.5379035,31240900.9247617,-10.3470846940065
"RCP 8.5","Cambodia","KHM","Cambodia",24,"Cambodian Exclusive Economic Zone",31608491.2342645,216089.77800945,-99.31635529071
"RCP 8.5","Cameroon","CMR","Cameroon",197,"Cameroonian Exclusive Economic Zone",27683985.6397406,1627947.42621284,-94.1195337716261
"RCP 8.5","Canada","CAN","Canada",218,"Canadian Exclusive Economic Zone",2139233309.05922,2422273147.44534,13.2309008646933
"RCP 8.5","Cape Verde","CPV","Cape Verde",56,"Cape Verdean Exclusive Economic Zone",156758069.318644,135710123.1218,-13.4270256633873
"RCP 8.5","Chile","CHL","Chile",224,"Chilean Exclusive Economic Zone",3530848605.76128,3106283677.44939,-12.0244444244686
"RCP 8.5","Chile","CHL","Easter Island",225,"Chilean Exclusive Economic Zone (Easter Island)",22591378.5965313,22655022.6950665,0.281718524893289
"RCP 8.5","China","CHN","China",209,"Chinese Exclusive Economic Zone",1109187600.33209,603419608.170849,-45.5980568129157
"RCP 8.5","Colombia","COL","Colombia",132,"Colombian Exclusive Economic Zone",130469517.796548,83051885.7109263,-36.3438394549474
"RCP 8.5","Colombia","COL","Quita Sueño Bank",258,"Colombian Exclusive Economic Zone (Quitasueño)",1377766.90760128,679220.555506169,-50.7013449257026
"RCP 8.5","Colombia","COL","Serrana Bank",259,"Colombian Exclusive Economic Zone (Serrara)",1122996.22527376,549885.108969574,-51.034108878191
"RCP 8.5","Comoro Islands","COM","Comoro Islands",28,"Comoran Exclusive Economic Zone",14027554.0833866,13639967.6284372,-2.76303661098234
"RCP 8.5","Costa Rica","CRI","Costa Rica",130,"Costa Rican Exclusive Economic Zone",135221840.32392,35409345.1765184,-73.8138860618252
"RCP 8.5","Croatia","HRV","Croatia",187,"Croatian Exclusive Economic Zone",97086570.0251689,87733638.8356363,-9.63359936097025
"RCP 8.5","Cuba","CUB","Cuba",112,"Cuban Exclusive Economic Zone",130134076.527812,34409034.8936389,-73.5587819795339
"RCP 8.5","Cyprus","CYP","Cyprus",81,"Cypriote Exclusive Economic Zone",59741191.1405825,45678745.6111252,-23.5389440032517
"RCP 8.5","Democratic Republic of the Congo","COD","Democratic Republic of the Congo",199,"Democratic Republic of the Congo Exclusive Economic Zone",10572740.9685922,1050870.96821801,-90.0605626172081
"RCP 8.5","Denmark","DNK","Denmark",175,"Danish Exclusive Economic Zone",238150758.024725,237032908.885514,-0.469387185026428
"RCP 8.5","Denmark","DNK","Faeroe Islands",141,"Faeroe Islands Exclusive Economic Zone",251993236.388087,344422100.139353,36.6791049934842
"RCP 8.5","Denmark","DNK","Greenland",145,"Greenlandic Exclusive Economic Zone",598591261.882114,725148641.952695,21.1425371751426
"RCP 8.5","Disputed","Disputed","Conflict Zone",217,"Conflict Zone",94295437.5613421,42319004.7217564,-55.1208353063461
"RCP 8.5","Disputed","Disputed","Japan - South Korea Conflict Zone",226,"Japan - South Korea Conflict Zone",114064216.518543,70721601.7170178,-37.998432921756
"RCP 8.5","Disputed","Disputed","Kenya/Somalia",254,"Disputed Kenya/Somalia",3496335.41687262,3494419.105806,-0.0548091312227439
"RCP 8.5","Disputed","Disputed","Paracel Islands",22,"Paracel Islands Exclusive Economic Zone",106143939.191105,74909572.6496746,-29.4264248900681
"RCP 8.5","Disputed","Disputed","Southern Kuriles",27,"Russia-Japan conflict zone",143886470.676052,152805469.129118,6.19863591841586
"RCP 8.5","Disputed","Disputed","Spratly Islands",23,"Spratly Islands Exclusive Economic Zone",178085878.943723,123663847.801217,-30.5594309134997
"RCP 8.5","Disputed","Disputed","Sudan/Egypt",2114,"Disputed Sudan-Egypt",5652735.10935206,957.228937527424,-99.9830660924489
"RCP 8.5","Disputed","Disputed","Trinidad and Tobago/Venezuela/Guyana",260,"Disputed Trinidad and Tobago/Venezuela/Guyana",86199.5613261124,80640.4563607623,-6.44911050570053
"RCP 8.5","Disputed","Disputed","Western Sahara/Mauritania",257,"Disputed Western Sahara/Mauritania",17749862.9043655,26326295.5077504,48.3183033558844
"RCP 8.5","Djibouti","DJI","Djibouti",46,"Djiboutian Exclusive Economic Zone",4984009.58495596,10299.8312205405,-99.7933424676463
"RCP 8.5","Dominica","DMA","Dominica",123,"Dominican Exclusive Economic Zone",4242865.39813595,2935986.98379317,-30.8017882188047
"RCP 8.5","Dominican Republic","DOM","Dominican Republic",115,"Dominican Republic Exclusive Economic Zone",29246302.413489,18460900.1573468,-36.8778319517335
"RCP 8.5","East Timor","TLS","East Timor",231,"East Timor Exclusive Economic Zone",23852748.1447695,2325500.83555507,-90.2505957743699
"RCP 8.5","East Timor","TLS","Oecussi Ambeno",237,"Oecussi Ambeno Exclusive Economic Zone",1351127.32277356,252627.322294649,-81.3024784536174
"RCP 8.5","Ecuador","ECU","Ecuador",137,"Ecuadorean Exclusive Economic Zone",117808147.107926,109294226.418597,-7.2269370992902
"RCP 8.5","Ecuador","ECU","Galapagos Islands",109,"Ecuadorean Exclusive Economic Zone (Galapagos)",230071880.314952,170400676.310265,-25.9358961742743
"RCP 8.5","Egypt","EGY","Egypt",214,"Egyptian Exclusive Economic Zone",158138999.723742,90972008.9628331,-42.4733878918199
"RCP 8.5","El Salvador","SLV","El Salvador",134,"El Salvador Exclusive Economic Zone",33669162.3505419,11515353.0149442,-65.7985164731643
"RCP 8.5","Equatorial Guinea","GNQ","Equatorial Guinea",104,"Equatorial Guinean Exclusive Economic Zone",106507919.804715,6648176.56360724,-93.7580448704689
"RCP 8.5","Eritrea","ERI","Eritrea",45,"Eritrean Exclusive Economic Zone",34997601.6422557,297.299021275981,-99.9991505160145
"RCP 8.5","Estonia","EST","Estonia",70,"Estonian Exclusive Economic Zone",31050685.7038822,25342049.3787449,-18.3848961648649
"RCP 8.5","Fiji","FJI","Fiji",18,"Fijian Exclusive Economic Zone",135196290.58072,168001904.532909,24.2651731133124
"RCP 8.5","Finland","FIN","Finland",174,"Finnish Exclusive Economic Zone",41704974.5703485,62148304.7097479,49.0189248405256
"RCP 8.5","France","FRA","Amsterdam Island and Saint Paul Island",92,"Amsterdam Island & St. Paul Island Exclusive Economic Zone",15640881.614587,15940038.0226212,1.91265694227384
"RCP 8.5","France","FRA","Bassas da India",34,"Bassas da India Exclusive Economic Zone",5649361.71921929,5444726.17585771,-3.62227723293767
"RCP 8.5","France","FRA","Clipperton Island",107,"Clipperton Island Exclusive Economic Zone",10377487.9571633,10242265.4270473,-1.3030372155009
"RCP 8.5","France","FRA","Crozet Islands",91,"Crozet Islands Exclusive Economic Zone",4928950.59713696,7839493.39239197,59.0499486228496
"RCP 8.5","France","FRA","France",179,"French Exclusive Economic Zone",538657248.536196,525120779.705651,-2.5130022602186
"RCP 8.5","France","FRA","French Guiana",169,"French Guiana Exclusive Economic Zone",24543501.778177,20835042.1499146,-15.1097413147451
"RCP 8.5","France","FRA","French Polynesia",147,"French Polynesian Exclusive Economic Zone",194559147.640517,207801431.107121,6.80630215911035
"RCP 8.5","France","FRA","Glorioso Islands",30,"Glorioso Exclusive Economic Zone",10889144.7256859,12722388.8568665,16.8355199362558
"RCP 8.5","France","FRA","Guadeloupe",252,"Guadeloupean Exclusive Economic Zone",9513132.17010066,7794058.61579609,-18.0705315932385
"RCP 8.5","France","FRA","Ile Europa",35,"Ile Europa Exclusive Economic Zone",5716031.03045186,5641628.16116164,-1.30165264838214
"RCP 8.5","France","FRA","Ile Tromelin",36,"Ile Tromelin Exclusive Economic Zone",8894093.45550747,8881918.8817759,-0.136883807129651
"RCP 8.5","France","FRA","Juan de Nova Island",33,"Juan de Nova Exclusive Economic Zone",13595280.2113756,10439900.1673677,-23.2093785118725
"RCP 8.5","France","FRA","Kerguelen Islands",93,"Kerguelen Islands Exclusive Economic Zone",11299509.6906513,14570834.9215792,28.9510369961847
"RCP 8.5","France","FRA","Martinique",251,"Martinique Exclusive Economic Zone",6934023.73804374,4385914.7723579,-36.7479123514615
"RCP 8.5","France","FRA","Mayotte",29,"Mayotte Exclusive Economic Zone",13696166.5482599,13769647.4791741,0.536507282204002
"RCP 8.5","France","FRA","New Caledonia",5,"New Caledonian Exclusive Economic Zone",202252929.215065,229429778.934495,13.4370611218841
"RCP 8.5","France","FRA","Northern Saint-Martin",221,"Saint-Martin Exclusive Economic Zone",1617563.36740188,1278274.02805749,-20.9753352593137
"RCP 8.5","France","FRA","Réunion",32,"Réunion Exclusive Economic Zone",12638168.7856757,12490918.0506017,-1.16512714437623
"RCP 8.5","France","FRA","Saint Pierre and Miquelon",219,"Saint-Pierre and Miquelon Exclusive Economic Zone",11484286.4416715,13167815.4918992,14.6594136151019
"RCP 8.5","France","FRA","Wallis and Futuna",161,"Wallis and Futuna Exclusive Economic Zone",18688030.9210228,19629138.9910912,5.03588673437908
"RCP 8.5","Gabon","GAB","Gabon",198,"Gabonese Exclusive Economic Zone",190093789.58596,6955800.72184618,-96.3408585114766
"RCP 8.5","Gambia","GMB","Gambia",65,"Gambian Exclusive Economic Zone",12178155.7381724,1440233.35461758,-88.1736333022645
"RCP 8.5","Georgia","GEO","Georgia",74,"Georgian Exclusive Economic Zone",17016491.3427665,16283156.226106,-4.30955537124965
"RCP 8.5","Germany","DEU","Germany",176,"German Exclusive Economic Zone",134455851.990835,117815434.792792,-12.3761197089263
"RCP 8.5","Ghana","GHA","Ghana",106,"Ghanaian Exclusive Economic Zone",106002404.683704,10934046.5130933,-89.6850957808751
"RCP 8.5","Greece","GRC","Greece",80,"Greek Exclusive Economic Zone",479186838.76267,406027541.678001,-15.2673844869314
"RCP 8.5","Grenada","GRD","Grenada",125,"Grenadian Exclusive Economic Zone",5075569.24314439,3657575.85068588,-27.9376228464187
"RCP 8.5","Guatemala","GTM","Guatemala",136,"Guatemalan Exclusive Economic Zone",33234735.0353343,3956203.65996847,-88.0961781227913
"RCP 8.5","Guinea","GIN","Guinea",194,"Guinean Exclusive Economic Zone",125874250.441988,9468742.92863861,-92.4776172287894
"RCP 8.5","Guinea Bissau","GNB","Guinea Bissau",193,"Guinea Bissau Exclusive Economic Zone",99392979.6480671,8680091.75862428,-91.2668965259328
"RCP 8.5","Guyana","GUY","Guyana",167,"Guyanese Exclusive Economic Zone",24698102.3922565,13806741.112558,-44.0979679601347
"RCP 8.5","Haiti","HTI","Haiti",114,"Haitian Exclusive Economic Zone",17015959.7731329,9087244.79264419,-46.5957553155928
"RCP 8.5","High Seas","ABNJ","FAO Antarctica",9213,"Antarctica",27250134.8679273,40812152.0962156,49.7686242435828
"RCP 8.5","High Seas","ABNJ","FAO Atlantic, Eastern Central",9264,"Atlantic, Eastern Central",217090470.224756,196961887.097507,-9.27197914602573
"RCP 8.5","High Seas","ABNJ","FAO Atlantic, Northeast",9262,"Atlantic, Northeast",562436775.161293,650323659.645792,15.6260913876579
"RCP 8.5","High Seas","ABNJ","FAO Atlantic, Northwest",9261,"Atlantic, Northwest",352187904.582166,319519754.319249,-9.27577291493728
"RCP 8.5","High Seas","ABNJ","FAO Atlantic, Southeast",9267,"Atlantic, Southeast",295757425.515564,321742187.962154,8.78583602805356
"RCP 8.5","High Seas","ABNJ","FAO Atlantic, Southwest",9266,"Atlantic, Southwest",353865258.972707,370016618.550837,4.56426822599624
"RCP 8.5","High Seas","ABNJ","FAO Atlantic, Western-Central",9263,"Atlantic, Western-Central",146628487.608591,143433209.653645,-2.17916586814624
"RCP 8.5","High Seas","ABNJ","FAO Indian Ocean, Eastern",9270,"Indian Ocean, Eastern",352540144.16811,446963459.983537,26.7837060197036
"RCP 8.5","High Seas","ABNJ","FAO Indian Ocean, Western",9269,"Indian Ocean, Western",417227574.185963,379788404.973126,-8.97332092345122
"RCP 8.5","High Seas","ABNJ","FAO Pacific, Eastern Central",9275,"Pacific, Eastern Central",678065416.372422,677065551.974354,-0.147458397659877
"RCP 8.5","High Seas","ABNJ","FAO Pacific, Northeast",9273,"Pacific, Northeast",400214458.96054,435786297.874159,8.88819434610345
"RCP 8.5","High Seas","ABNJ","FAO Pacific, Northwest",9272,"Pacific, Northwest",497119812.488008,507761407.894819,2.14065002832042
"RCP 8.5","High Seas","ABNJ","FAO Pacific, Southeast",9277,"Pacific, Southeast",715251173.952874,854459561.298882,19.4628673696073
"RCP 8.5","High Seas","ABNJ","FAO Pacific, Southwest",9276,"Pacific, Southwest",440979089.117576,517831743.499898,17.4277321258266
"RCP 8.5","High Seas","ABNJ","FAO Pacific, Western Central",9274,"Pacific, Western Central",127905781.998153,123550069.320811,-3.40540717495028
"RCP 8.5","Honduras","HND","Honduras",133,"Honduran Exclusive Economic Zone",44053189.2807593,21087619.5182671,-52.1314577614989
"RCP 8.5","Iceland","ISL","Iceland",143,"Icelandic Exclusive Economic Zone",550932563.832119,608667985.973946,10.4795806115065
"RCP 8.5","India","IND","Andaman and Nicobar",26,"Indian Exclusive Economic Zone (Andaman and Nicobar Islands)",143292388.477708,21331214.999912,-85.1135044739445
"RCP 8.5","India","IND","India",203,"Indian Exclusive Economic Zone",869615534.764217,543625459.172353,-37.4866895265678
"RCP 8.5","Indonesia","IDN","Indonesia",216,"Indonesian Exclusive Economic Zone",2525900839.2047,611225653.320998,-75.8016766203123
"RCP 8.5","Iran","IRN","Iran",191,"Iranian Exclusive Economic Zone",72871850.0536875,5114036.81813782,-92.9821504265775
"RCP 8.5","Iraq","IRQ","Iraq",192,"Iraqi Exclusive Economic Zone",303281.940879644,302537.735130139,-0.245384129152619
"RCP 8.5","Ireland","IRL","Ireland",181,"Irish Exclusive Economic Zone",632126784.189803,659385757.339786,4.31226358884964
"RCP 8.5","Israel","ISR","Israel",79,"Israeli Exclusive Economic Zone",30731635.7234869,19786821.482359,-35.6141610541194
"RCP 8.5","Italy","ITA","Italy",184,"Italian Exclusive Economic Zone",662755056.389545,553229764.030852,-16.5257573371599
"RCP 8.5","Ivory Coast","CIV","Ivory Coast",195,"Ivory Coast Exclusive Economic Zone",85642683.2775483,9019188.21411385,-89.4688164021149
"RCP 8.5","Jamaica","JAM","Jamaica",166,"Jamaican Exclusive Economic Zone",35135034.7685853,18871916.4285153,-46.2874690382009
"RCP 8.5","Japan","JPN","Japan",210,"Japanese Exclusive Economic Zone",2413337729.96587,1605475190.97987,-33.474906100168
"RCP 8.5","Joint Development","Joint","Australia - East Timor",238,"Joint Development Area Australia - East Timor",20407734.8109651,80523.5323336043,-99.6054264077837
"RCP 8.5","Joint Regime","Joint","Colombia - Jamaica",165,"Colombia - Jamaica (Joint Regime)",4549828.10737314,2354091.63356958,-48.2597676656245
"RCP 8.5","Joint Regime","Joint","Japan - Korea",211,"Joint Japan - Korea",136630548.643778,47212176.3220223,-65.4453730950657
"RCP 8.5","Joint Regime","Joint","Nigeria - Sao Tome and Principe",201,"Nigeria - Sao Tome and Principe Joint",688773.427905455,297141.383131584,-56.8593428414937
"RCP 8.5","Kenya","KEN","Kenya",43,"Kenyan Exclusive Economic Zone",19414352.8904341,19389082.3195809,-0.130164373727885
"RCP 8.5","Kiribati","KIR","Kiribati",212,"Kiribati Exclusive Economic Zone",76227297.2006187,75978546.8678423,-0.326327105789596
"RCP 8.5","Kiribati","KIR","Line Group",148,"Kiribati Exclusive Economic Zone (Line Group)",45238521.8735144,44190371.1146395,-2.31694298457736
"RCP 8.5","Kiribati","KIR","Phoenix Group",157,"Kiribati Exclusive Economic Zone (Phoenix Group)",24131574.6576752,23130007.5038595,-4.15044259657191
"RCP 8.5","Kuwait","KWT","Kuwait",51,"Kuwaiti Exclusive Economic Zone",6222624.28279964,3891136.29787337,-37.4679215547512
"RCP 8.5","Latvia","LVA","Latvia",69,"Latvian Exclusive Economic Zone",31413618.3563574,27322577.9093272,-13.0231430223074
"RCP 8.5","Lebanon","LBN","Lebanon",78,"Lebanese Exclusive Economic Zone",22789413.3195286,17706841.5537098,-22.302337030605
"RCP 8.5","Liberia","LBR","Liberia",97,"Liberian Exclusive Economic Zone",101124989.772316,10245976.6236036,-89.8680072584704
"RCP 8.5","Libya","LBY","Libya",67,"Libyan Exclusive Economic Zone",350105857.777861,285877041.136777,-18.3455418451858
"RCP 8.5","Lithuania","LTU","Lithuania",189,"Lithuanian Exclusive Economic Zone",7627706.26238334,5240655.89389485,-31.2944715800139
"RCP 8.5","Madagascar","MDG","Madagascar",42,"Madagascan Exclusive Economic Zone",191514923.935276,173534557.208221,-9.38849378293462
"RCP 8.5","Malaysia","MYS","Malaysia",206,"Malaysian Exclusive Economic Zone",301553102.009053,56972542.7692252,-81.1069617955663
"RCP 8.5","Maldives","MDV","Maldives",39,"Maldives Exclusive Economic Zone",143289109.971219,34678007.1785103,-75.7985745145072
"RCP 8.5","Malta","MLT","Malta",68,"Maltese Exclusive Economic Zone",72869264.8061303,58774602.5615958,-19.3423966634404
"RCP 8.5","Marshall Islands","MHL","Marshall Islands",11,"Marshall Islands Exclusive Economic Zone",188458947.380265,176211974.67204,-6.49848302692387
"RCP 8.5","Mauritania","MRT","Mauritania",64,"Mauritanian Exclusive Economic Zone",95121581.5660754,77909700.5001963,-18.0946119508358
"RCP 8.5","Mauritius","MUS","Mauritius",37,"Mauritian Exclusive Economic Zone",127522969.455279,131375642.160314,3.0211598126138
"RCP 8.5","Mexico","MEX","Mexico",135,"Mexican Exclusive Economic Zone",1227730002.02163,452341868.036354,-63.1562422282172
"RCP 8.5","Micronesia","FSM","Micronesia",9,"Micronesian Exclusive Economic Zone",285894139.31784,253030739.254393,-11.4949540910004
"RCP 8.5","Monaco","MCO","Monaco",185,"Monégasque Exclusive Economic Zone",483077.642886427,436512.564734074,-9.63925340740722
"RCP 8.5","Montenegro","MNE","Montenegro",186,"Montenegrin Exclusive Economic Zone",11942617.1161753,8463042.63295723,-29.1357786100778
"RCP 8.5","Morocco","MAR","Morocco",62,"Moroccan Exclusive Economic Zone",311718908.0902,322113598.288372,3.33463576587556
"RCP 8.5","Morocco","MAR","Western Sahara",63,"Western Saharan Exclusive Economic Zone",248135167.781814,262669356.897151,5.85736767797356
"RCP 8.5","Mozambique","MOZ","Mozambique",41,"Mozambican Exclusive Economic Zone",106281470.224532,100050667.238817,-5.86254873267349
"RCP 8.5","Myanmar","MMR","Myanmar",205,"Myanmar Exclusive Economic Zone",242511669.981431,180173535.293565,-25.7052102658149
"RCP 8.5","Namibia","NAM","Namibia",101,"Namibian Exclusive Economic Zone",415202041.47441,414471518.456721,-0.175943985028156
"RCP 8.5","Nauru","NRU","Nauru",10,"Nauruan Exclusive Economic Zone",10004367.0485354,9978302.08208187,-0.260535887249113
"RCP 8.5","Netherlands","NLD","Aruba",250,"Aruban Exclusive Economic Zone",2678919.52840047,2551252.24873846,-4.76562577966801
"RCP 8.5","Netherlands","NLD","Bonaire",245,"Bonaire Exclusive Economic Zone",2770279.2450638,2611124.891214,-5.74506538044465
"RCP 8.5","Netherlands","NLD","Curaçao",244,"Curaçaoan Exclusive Economic Zone",4005719.31986191,3794923.23049803,-5.26237792844517
"RCP 8.5","Netherlands","NLD","Netherlands",177,"Dutch Exclusive Economic Zone",165922911.472806,145000469.897183,-12.6097362865119
"RCP 8.5","Netherlands","NLD","Saba",248,"Saba Exclusive Economic Zone",2629567.88281347,1578932.03447874,-39.9546957962771
"RCP 8.5","Netherlands","NLD","Sint-Eustasius",249,"Sint-Eustasius Exclusive Economic Zone",637347.871221831,408103.230020907,-35.9685270088765
"RCP 8.5","Netherlands","NLD","Sint-Maarten",220,"Sint-Maarten Exclusive Economic Zone",118177.459370178,68148.9030021537,-42.3334167400868
"RCP 8.5","New Zealand","NZL","Cook Islands",153,"Cook Islands Exclusive Economic Zone",58592627.2334596,58253688.2142986,-0.578467010551565
"RCP 8.5","New Zealand","NZL","New Zealand",162,"New Zealand Exclusive Economic Zone",773411558.889597,835319099.48408,8.00447573907031
"RCP 8.5","New Zealand","NZL","Niue",154,"Niue Exclusive Economic Zone",7727683.33781477,7800795.44275446,0.946106378116316
"RCP 8.5","New Zealand","NZL","Tokelau",156,"Tokelau Exclusive Economic Zone",8827529.43183692,7276882.26401533,-17.5660379248253
"RCP 8.5","Nicaragua","NIC","Nicaragua",131,"Nicaraguan Exclusive Economic Zone",66066046.2649916,29214348.2390745,-55.7800869119737
"RCP 8.5","Nigeria","NGA","Nigeria",196,"Nigerian Exclusive Economic Zone",178731389.592389,13998323.6149463,-92.1679545787281
"RCP 8.5","North Korea","PRK","North Korea",21,"North Korean Exclusive Economic Zone",127449131.171161,129378899.981321,1.51414826639208
"RCP 8.5","Norway","NOR","Bouvet Island",105,"Bouvet Island Exclusive Economic Zone",486027.675919943,569917.999069116,17.2604004474408
"RCP 8.5","Norway","NOR","Jan Mayen",144,"Fishieries Zone around Jan Mayen",69470126.4014777,71874548.2523997,3.46108748532637
"RCP 8.5","Norway","NOR","Norway",223,"Norwegian Exclusive Economic Zone",1033622557.0897,1225672291.6104,18.5802576775639
"RCP 8.5","Norway","NOR","Svalbard",253,"Fisheries Zone around Svalbard",178601082.16985,273044747.196783,52.8796712088883
"RCP 8.5","Oman","OMN","Oman",48,"Omani Exclusive Economic Zone",189208874.890724,152915435.756386,-19.1816790598743
"RCP 8.5","Pakistan","PAK","Pakistan",53,"Pakistani Exclusive Economic Zone",130209834.540139,95808297.3986962,-26.4200759204849
"RCP 8.5","Palau","PLW","Palau",8,"Palau Exclusive Economic Zone",61719991.4953919,26044299.8168991,-57.8024896214647
"RCP 8.5","Panama","PAN","Panama",129,"Panamanian Exclusive Economic Zone",105606744.603778,36582508.1681973,-65.3596857800609
"RCP 8.5","Papua New Guinea","PNG","Papua New Guinea",17,"Papua New Guinean Exclusive Economic Zone",526385536.547843,442844900.420991,-15.8706176987177
"RCP 8.5","Peru","PER","Peru",138,"Peruvian Exclusive Economic Zone",2247706731.19863,775184314.489823,-65.5122127931502
"RCP 8.5","Philippines","PHL","Philippines",15,"Philippines Exclusive Economic Zone",961464910.576023,429623811.174018,-55.315705602129
"RCP 8.5","Poland","POL","Poland",178,"Polish Exclusive Economic Zone",47182400.4571555,34363701.8362256,-27.1683901131102
"RCP 8.5","Portugal","PRT","Azores",55,"Portuguese Exclusive Economic Zone (Azores)",204019400.728716,257440537.698403,26.1843416748003
"RCP 8.5","Portugal","PRT","Madeira",57,"Portuguese Exclusive Economic Zone (Madeira)",61599245.107228,77559808.9187797,25.9103237121957
"RCP 8.5","Portugal","PRT","Portugal",183,"Portuguese Exclusive Economic Zone",190593563.643835,206639972.202086,8.41917651964226
"RCP 8.5","Qatar","QAT","Qatar",190,"Qatari Exclusive Economic Zone",10514044.8591588,6.41006758485956,-99.9999390332867
"RCP 8.5","République du Congo","COG","République du Congo",100,"Congolese Exclusive Economic Zone",28660868.1512877,2187533.50132182,-92.3675253318398
"RCP 8.5","Romania","ROU","Romania",72,"Romanian Exclusive Economic Zone",32206220.8069311,31794999.4277156,-1.27683835269163
"RCP 8.5","Russia","RUS","Russia",73,"Russian Exclusive Economic Zone",3733829116.03415,4082088313.0268,9.32713271470082
"RCP 8.5","Saint Kitts and Nevis","KNA","Saint Kitts and Nevis",119,"Saint Kitts and Nevis Exclusive Economic Zone",2673206.51459987,1983958.10865668,-25.7835824572032
"RCP 8.5","Saint Lucia","LCA","Saint Lucia",122,"Saint Lucia Exclusive Economic Zone",4214127.17411584,2100850.14610518,-50.1474431286959
"RCP 8.5","Saint Vincent and the Grenadines","VCT","Saint Vincent and the Grenadines",127,"Saint Vincent and the Grenadines Exclusive Economic Zone",5598444.79917977,2974711.56042994,-46.8653944598012
"RCP 8.5","Samoa","WSM","Samoa",152,"Samoan Exclusive Economic Zone",6031132.18017034,5795974.52774728,-3.89906315096587
"RCP 8.5","Sao Tome and Principe","STP","Sao Tome and Principe",103,"Sao Tome and Principe Exclusive Economic Zone",36812029.3833532,1397658.69537835,-96.2032555151377
"RCP 8.5","Saudi Arabia","SAU","Saudi Arabia",50,"Saudi Arabian Exclusive Economic Zone",57590836.3809626,7175702.77017778,-87.5402004535746
"RCP 8.5","Senegal","SEN","Senegal",66,"Senegalese Exclusive Economic Zone",95306216.2283307,8879736.59176851,-90.6829407952837
"RCP 8.5","Seychelles","SYC","Seychelles",31,"Seychellois Exclusive Economic Zone",169764875.013528,120659483.502986,-28.9255309772588
"RCP 8.5","Sierra Leone","SLE","Sierra Leone",96,"Sierra Leonian Exclusive Economic Zone",90012680.1897518,9928615.51970544,-88.9697590397538
"RCP 8.5","Singapore","SGP","Singapore",208,"Singaporean Exclusive Economic Zone",504099.796353117,109.69955949019,-99.9782385233472
"RCP 8.5","Slovenia","SVN","Slovenia",188,"Slovenian Exclusive Economic Zone",330381.930932505,307305.336832872,-6.98482330268455
"RCP 8.5","Solomon Islands","SLB","Solomon Islands",7,"Solomon Islands Exclusive Economic Zone",193313637.684097,127403572.043163,-34.0948866466632
"RCP 8.5","Somalia","SOM","Somalia",44,"Somali Exclusive Economic Zone",187330627.3832,179003151.17784,-4.44533620672982
"RCP 8.5","South Africa","ZAF","Prince Edward Islands",90,"South African Exclusive Economic Zone (Prince Edward Islands)",4753029.01794106,8138477.02604249,71.2271689342213
"RCP 8.5","South Africa","ZAF","South Africa",102,"South African Exclusive Economic Zone",565583073.85954,591066139.905205,4.50562741769638
"RCP 8.5","South Korea","KOR","South Korea",20,"South Korean Exclusive Economic Zone",548452753.05799,405577699.349311,-26.0505673300127
"RCP 8.5","Spain","ESP","Canary Islands",58,"Spanish Exclusive Economic Zone (Canary Islands)",192983161.028513,210031320.995184,8.8340142610429
"RCP 8.5","Spain","ESP","Spain",182,"Spanish Exclusive Economic Zone",530191897.290828,468845491.395975,-11.5706041922407
"RCP 8.5","Sri Lanka","LKA","Sri Lanka",40,"Sri Lankan Exclusive Economic Zone",132344620.947474,104611794.732338,-20.9550082327432
"RCP 8.5","Sudan","SDN","Sudan",49,"Sudanese Exclusive Economic Zone",20476286.7682429,362.766726577701,-99.998228356876
"RCP 8.5","Suriname","SUR","Suriname",168,"Surinamese Exclusive Economic Zone",25636433.0091602,22824203.0682238,-10.9696615747268
"RCP 8.5","Sweden","SWE","Sweden",222,"Swedish Exclusive Economic Zone",176439678.266794,185921984.348812,5.37424811423622
"RCP 8.5","Syria","SYR","Syria",77,"Syrian Exclusive Economic Zone",12170107.5582181,10094876.4376148,-17.0518716508951
"RCP 8.5","Taiwan","TWN","Taiwan",14,"Taiwanese Exclusive Economic Zone",266177801.81696,119098457.725998,-55.2560518146073
"RCP 8.5","Tanzania","TZA","Tanzania",202,"Tanzanian Exclusive Economic Zone",35458890.0679063,35366329.9751764,-0.261034940892313
"RCP 8.5","Thailand","THA","Thailand",25,"Thailand Exclusive Economic Zone",178513068.80129,1646873.65683901,-99.0774492490115
"RCP 8.5","Togo","TGO","Togo",98,"Togolese Exclusive Economic Zone",11453887.1279905,1002642.79035899,-91.2462661875829
"RCP 8.5","Tonga","TON","Tonga",155,"Tongan Exclusive Economic Zone",46674282.5092497,50147631.0633454,7.44167530246954
"RCP 8.5","Trinidad and Tobago","TTO","Trinidad and Tobago",126,"Trinidad and Tobago Exclusive Economic Zone",13948028.8445458,9378675.5026875,-32.7598501034436
"RCP 8.5","Tunisia","TUN","Tunisia",61,"Tunisian Exclusive Economic Zone",167620511.587417,106375628.746423,-36.5378212135177
"RCP 8.5","Turkey","TUR","Turkey",76,"Turkish Exclusive Economic Zone",244448038.550478,227490372.235499,-6.93712513118675
"RCP 8.5","Tuvalu","TUV","Tuvalu",19,"Tuvaluan Exclusive Economic Zone",49319145.0056392,36517629.0128038,-25.9564840213098
"RCP 8.5","Ukraine","UKR","Ukraine",75,"Ukrainian Exclusive Economic Zone",104147417.412719,118758771.918431,14.029492875286
"RCP 8.5","United Arab Emirates","ARE","United Arab Emirates",54,"United Arab Emirates Exclusive Economic Zone",30734509.4845698,28.7214022781474,-99.9999065499897
"RCP 8.5","United Kingdom","GBR","Anguilla",118,"Anguilla Exclusive Economic Zone",6883070.9093527,5147864.2015884,-25.2097752677007
"RCP 8.5","United Kingdom","GBR","Ascension",85,"Ascension Exclusive Economic Zone",12124002.1266249,9792391.93148469,-19.2313575236007
"RCP 8.5","United Kingdom","GBR","Bermuda",108,"Bermudian Exclusive Economic Zone",24119271.5243915,16247454.4430647,-32.6370432596447
"RCP 8.5","United Kingdom","GBR","British Indian Ocean Territory",38,"British Indian Ocean Territory Exclusive Economic Zone",57733458.0137623,51638957.909175,-10.5562706864615
"RCP 8.5","United Kingdom","GBR","British Virgin Islands",117,"British Virgin Islands Exclusive Economic Zone",4764907.76615596,3257782.1069865,-31.6296921815408
"RCP 8.5","United Kingdom","GBR","Cayman Islands",113,"Cayman Islands Exclusive Economic Zone",13694885.1751218,7121092.02315524,-48.0018128513302
"RCP 8.5","United Kingdom","GBR","Falkland Islands",95,"Falkland Islands Exclusive Economic Zone",381912470.020189,592870327.694492,55.2372269130543
"RCP 8.5","United Kingdom","GBR","Gibraltar",60,"Gibraltarian Exclusive Economic Zone",727403.767370254,589577.631661734,-18.9476796644587
"RCP 8.5","United Kingdom","GBR","Guernsey",228,"Guernsey Exclusive Economic Zone",21032527.4931286,19233627.7765136,-8.55294123448891
"RCP 8.5","United Kingdom","GBR","Jersey",227,"Jersey Exclusive Economic Zone",6884131.8182549,6574769.43327959,-4.49384749076078
"RCP 8.5","United Kingdom","GBR","Montserrat",121,"Montserrat Exclusive Economic Zone",2206433.87018025,1292439.84147603,-41.4240390821028
"RCP 8.5","United Kingdom","GBR","Pitcairn",146,"Pitcairn Exclusive Economic Zone",17223981.4214953,16856266.0990876,-2.1349031528149
"RCP 8.5","United Kingdom","GBR","Saint Helena",86,"St. Helena Exclusive Economic Zone",18846291.1924391,18532317.1704387,-1.66597246532193
"RCP 8.5","United Kingdom","GBR","South Georgia and the South Sandwich Islands",89,"South Georgian Exclusive Economic Zone",10167239.7271922,10305672.0876704,1.36155302906793
"RCP 8.5","United Kingdom","GBR","Tristan da Cunha",88,"Tristan Da Cunha Exclusive Economic Zone",22591786.1088733,23397321.4198728,3.56561144443162
"RCP 8.5","United Kingdom","GBR","Turks and Caicos Islands",111,"Turks and Caicos Exclusive Economic Zone",15850276.1960432,9243730.41877917,-41.6809505118482
"RCP 8.5","United Kingdom","GBR","United Kingdom",180,"United Kingdom Exclusive Economic Zone",1569199531.89571,1599337553.45473,1.92059842909874
"RCP 8.5","United States","USA","Alaska",170,"United States Exclusive Exclusive Economic Zone (Alaska)",2891229572.00886,3042979098.87828,5.24861561802514
"RCP 8.5","United States","USA","American Samoa",151,"American Samoa Exclusive Economic Zone",13144107.8071607,13007823.1257678,-1.03684999691437
"RCP 8.5","United States","USA","Hawaii",160,"United States Exclusive Exclusive Economic Zone (Hawaii)",119347093.793227,120536400.245119,0.996510609594283
"RCP 8.5","United States","USA","Howland Island and Baker Island",158,"Howland and Baker Island Exclusive Economic Zone",10129723.3522154,10117591.8859296,-0.119761081956943
"RCP 8.5","United States","USA","Jarvis Island",149,"Jarvis Island Exclusive Economic Zone",7494373.13506958,7340948.85393582,-2.04719298557223
"RCP 8.5","United States","USA","Johnston Atoll",159,"Johnston Atoll Exclusive Economic Zone",9725043.13595651,9709392.49162106,-0.160931361605845
"RCP 8.5","United States","USA","Northern Mariana Islands and Guam",13,"Northern Mariana Islands and Guam Exclusive Economic Zone",65154641.6659034,65175546.0106211,0.0320841987357574
"RCP 8.5","United States","USA","Palmyra Atoll",150,"Palmyra Atoll Exclusive Economic Zone",10140238.3844231,9839929.7887667,-2.96155360723772
"RCP 8.5","United States","USA","Puerto Rico of the United States",255,"Puerto Rican Exclusive Economic Zone",19092448.7143712,10830147.1142992,-43.2752326518119
"RCP 8.5","United States","USA","United States",163,"United States Exclusive Economic Zone",1612451920.11958,998228586.89082,-38.0925053060315
"RCP 8.5","United States","USA","Virgin Islands of the United States",256,"Virgin Islander Exclusive Economic Zone",6528860.87291784,3873790.72454115,-40.6666675865326
"RCP 8.5","United States","USA","Wake Island",12,"Wake Island Exclusive Economic Zone",11729126.7874821,11745145.0373422,0.136568136318248
"RCP 8.5","Uruguay","URY","Uruguay",173,"Uruguayan Exclusive Economic Zone",106095988.641967,85319238.1314145,-19.5829746029948
"RCP 8.5","Vanuatu","VUT","Vanuatu",6,"Vanuatu Exclusive Economic Zone",80519054.4981094,82561831.1929803,2.53701028607933
"RCP 8.5","Venezuela","VEN","Venezuela",139,"Venezuelan Exclusive Economic Zone",73752637.489007,66051294.7156214,-10.4421252386175
"RCP 8.5","Vietnam","VNM","Vietnam",207,"Vietnamese Exclusive Economic Zone",365077479.28609,243170274.371105,-33.3921460051097
"RCP 8.5","Yemen","YEM","Yemen",47,"Yemeni Exclusive Economic Zone",159810106.691432,93086349.7039207,-41.7519006581633
